precision,0.8612
recall,0.883602379
accuracy,0.832
f1-score,0.857025134